"","month_2","region","count"
"1",9,"25",1
"2",9,"30",1
"3",10,"5",14
"4",10,"6",88
"5",10,"7",7
"6",10,"8",6
"7",10,"9",4
"8",10,"10",7
"9",10,"11",194
"10",10,"12",552
"11",10,"13",1102
"12",10,"14",1067
"13",10,"15",1516
"14",10,"16",1672
"15",10,"17",12864
"16",10,"18",1626
"17",10,"19",3736
"18",10,"20",3256
"19",10,"21",1695
"20",10,"22",1057
"21",10,"23",702
"22",10,"24",166
"23",10,"25",300
"24",10,"26",683
"25",10,"27",297
"26",10,"28",209
"27",10,"29",592
"28",10,"30",113
"29",10,"44",51
"30",10,"45",406
"31",10,"46",282
"32",10,"47",618
"33",10,"48",177
"34",10,"49",206
"35",10,"50",167
"36",10,"51",64
"37",10,"52",525
"38",10,"53",495
"39",10,"54",472
"40",10,"55",112
"41",10,"56",175
"42",10,"57",207
"43",10,"58",81
"44",10,NA,1
"45",11,"4",1
"46",11,"5",21
"47",11,"6",92
"48",11,"7",7
"49",11,"8",5
"50",11,"9",6
"51",11,"10",7
"52",11,"11",177
"53",11,"12",482
"54",11,"13",956
"55",11,"14",869
"56",11,"15",1291
"57",11,"16",1675
"58",11,"17",11463
"59",11,"18",1467
"60",11,"19",3158
"61",11,"20",2668
"62",11,"21",1523
"63",11,"22",944
"64",11,"23",651
"65",11,"24",124
"66",11,"25",255
"67",11,"26",630
"68",11,"27",248
"69",11,"28",178
"70",11,"29",490
"71",11,"30",115
"72",11,"44",54
"73",11,"45",404
"74",11,"46",277
"75",11,"47",513
"76",11,"48",177
"77",11,"49",184
"78",11,"50",203
"79",11,"51",57
"80",11,"52",451
"81",11,"53",473
"82",11,"54",410
"83",11,"55",77
"84",11,"56",183
"85",11,"57",202
"86",11,"58",83
"87",12,"4",1
"88",12,"5",20
"89",12,"6",78
"90",12,"7",3
"91",12,"8",8
"92",12,"9",3
"93",12,"10",10
"94",12,"11",215
"95",12,"12",527
"96",12,"13",992
"97",12,"14",864
"98",12,"15",1324
"99",12,"16",1617
"100",12,"17",12128
"101",12,"18",1365
"102",12,"19",3153
"103",12,"20",2630
"104",12,"21",1479
"105",12,"22",1005
"106",12,"23",599
"107",12,"24",145
"108",12,"25",232
"109",12,"26",673
"110",12,"27",270
"111",12,"28",161
"112",12,"29",523
"113",12,"30",133
"114",12,"44",41
"115",12,"45",379
"116",12,"46",295
"117",12,"47",567
"118",12,"48",162
"119",12,"49",206
"120",12,"50",215
"121",12,"51",60
"122",12,"52",426
"123",12,"53",490
"124",12,"54",384
"125",12,"55",92
"126",12,"56",199
"127",12,"57",203
"128",12,"58",87
"129",12,NA,1
"130",13,"5",33
"131",13,"6",109
"132",13,"7",5
"133",13,"8",13
"134",13,"9",7
"135",13,"10",3
"136",13,"11",192
"137",13,"12",491
"138",13,"13",1032
"139",13,"14",1007
"140",13,"15",1237
"141",13,"16",1547
"142",13,"17",11597
"143",13,"18",1392
"144",13,"19",3237
"145",13,"20",2615
"146",13,"21",1437
"147",13,"22",904
"148",13,"23",632
"149",13,"24",144
"150",13,"25",350
"151",13,"26",576
"152",13,"27",221
"153",13,"28",195
"154",13,"29",469
"155",13,"30",104
"156",13,"43",1
"157",13,"44",48
"158",13,"45",336
"159",13,"46",177
"160",13,"47",629
"161",13,"48",192
"162",13,"49",223
"163",13,"50",210
"164",13,"51",43
"165",13,"52",385
"166",13,"53",464
"167",13,"54",451
"168",13,"55",85
"169",13,"56",137
"170",13,"57",149
"171",13,"58",63
"172",14,"4",1
"173",14,"5",31
"174",14,"6",106
"175",14,"7",5
"176",14,"8",6
"177",14,"9",4
"178",14,"10",8
"179",14,"11",207
"180",14,"12",416
"181",14,"13",822
"182",14,"14",842
"183",14,"15",998
"184",14,"16",1441
"185",14,"17",10413
"186",14,"18",1286
"187",14,"19",2985
"188",14,"20",2315
"189",14,"21",1177
"190",14,"22",720
"191",14,"23",563
"192",14,"24",112
"193",14,"25",729
"194",14,"26",673
"195",14,"27",212
"196",14,"28",199
"197",14,"29",427
"198",14,"30",89
"199",14,"44",44
"200",14,"45",279
"201",14,"46",201
"202",14,"47",515
"203",14,"48",122
"204",14,"49",188
"205",14,"50",148
"206",14,"51",45
"207",14,"52",418
"208",14,"53",361
"209",14,"54",395
"210",14,"55",64
"211",14,"56",134
"212",14,"57",133
"213",14,"58",60
"214",14,NA,1
"215",15,"4",1
"216",15,"5",30
"217",15,"6",110
"218",15,"7",7
"219",15,"8",6
"220",15,"9",2
"221",15,"10",9
"222",15,"11",177
"223",15,"12",497
"224",15,"13",1073
"225",15,"14",1090
"226",15,"15",1320
"227",15,"16",1807
"228",15,"17",11972
"229",15,"18",1641
"230",15,"19",3432
"231",15,"20",2781
"232",15,"21",1549
"233",15,"22",894
"234",15,"23",604
"235",15,"24",142
"236",15,"25",845
"237",15,"26",708
"238",15,"27",257
"239",15,"28",180
"240",15,"29",522
"241",15,"30",110
"242",15,"44",41
"243",15,"45",333
"244",15,"46",236
"245",15,"47",548
"246",15,"48",197
"247",15,"49",234
"248",15,"50",229
"249",15,"51",51
"250",15,"52",468
"251",15,"53",488
"252",15,"54",400
"253",15,"55",65
"254",15,"56",137
"255",15,"57",202
"256",15,"58",59
"257",15,"60",1
"258",15,NA,2
"259",16,"5",28
"260",16,"6",104
"261",16,"7",7
"262",16,"8",10
"263",16,"9",4
"264",16,"10",2
"265",16,"11",187
"266",16,"12",453
"267",16,"13",1016
"268",16,"14",1072
"269",16,"15",1373
"270",16,"16",1590
"271",16,"17",13700
"272",16,"18",1663
"273",16,"19",3570
"274",16,"20",2919
"275",16,"21",1573
"276",16,"22",969
"277",16,"23",685
"278",16,"24",142
"279",16,"25",743
"280",16,"26",629
"281",16,"27",227
"282",16,"28",233
"283",16,"29",496
"284",16,"30",122
"285",16,"44",54
"286",16,"45",369
"287",16,"46",235
"288",16,"47",591
"289",16,"48",159
"290",16,"49",256
"291",16,"50",317
"292",16,"51",55
"293",16,"52",424
"294",16,"53",515
"295",16,"54",421
"296",16,"55",98
"297",16,"56",151
"298",16,"57",166
"299",16,"58",70
"300",17,"4",2
"301",17,"5",42
"302",17,"6",115
"303",17,"7",5
"304",17,"8",7
"305",17,"9",3
"306",17,"10",11
"307",17,"11",176
"308",17,"12",551
"309",17,"13",1077
"310",17,"14",1160
"311",17,"15",1510
"312",17,"16",1844
"313",17,"17",14453
"314",17,"18",1649
"315",17,"19",3426
"316",17,"20",2992
"317",17,"21",1610
"318",17,"22",975
"319",17,"23",747
"320",17,"24",125
"321",17,"25",815
"322",17,"26",734
"323",17,"27",254
"324",17,"28",201
"325",17,"29",596
"326",17,"30",124
"327",17,"44",49
"328",17,"45",406
"329",17,"46",253
"330",17,"47",608
"331",17,"48",213
"332",17,"49",290
"333",17,"50",290
"334",17,"51",74
"335",17,"52",487
"336",17,"53",519
"337",17,"54",477
"338",17,"55",104
"339",17,"56",187
"340",17,"57",199
"341",17,"58",67
"342",17,NA,5
"343",18,"4",3
"344",18,"5",21
"345",18,"6",104
"346",18,"7",1
"347",18,"8",10
"348",18,"9",2
"349",18,"10",3
"350",18,"11",199
"351",18,"12",501
"352",18,"13",911
"353",18,"14",966
"354",18,"15",1304
"355",18,"16",1700
"356",18,"17",14230
"357",18,"18",1434
"358",18,"19",3228
"359",18,"20",2822
"360",18,"21",1507
"361",18,"22",875
"362",18,"23",709
"363",18,"24",80
"364",18,"25",361
"365",18,"26",676
"366",18,"27",250
"367",18,"28",162
"368",18,"29",615
"369",18,"30",128
"370",18,"44",37
"371",18,"45",378
"372",18,"46",203
"373",18,"47",544
"374",18,"48",201
"375",18,"49",294
"376",18,"50",289
"377",18,"51",63
"378",18,"52",468
"379",18,"53",470
"380",18,"54",454
"381",18,"55",145
"382",18,"56",205
"383",18,"57",220
"384",18,"58",70
"385",19,"5",24
"386",19,"6",123
"387",19,"7",3
"388",19,"8",11
"389",19,"9",5
"390",19,"10",17
"391",19,"11",177
"392",19,"12",569
"393",19,"13",1357
"394",19,"14",1133
"395",19,"15",1453
"396",19,"16",1610
"397",19,"17",16574
"398",19,"18",1525
"399",19,"19",3209
"400",19,"20",3106
"401",19,"21",1595
"402",19,"22",942
"403",19,"23",694
"404",19,"24",95
"405",19,"25",373
"406",19,"26",687
"407",19,"27",231
"408",19,"28",206
"409",19,"29",589
"410",19,"30",117
"411",19,"44",41
"412",19,"45",383
"413",19,"46",230
"414",19,"47",576
"415",19,"48",231
"416",19,"49",284
"417",19,"50",267
"418",19,"51",51
"419",19,"52",488
"420",19,"53",488
"421",19,"54",469
"422",19,"55",117
"423",19,"56",210
"424",19,"57",196
"425",19,"58",73
"426",19,NA,1
"427",20,"4",2
"428",20,"5",42
"429",20,"6",132
"430",20,"7",4
"431",20,"8",6
"432",20,"9",4
"433",20,"10",38
"434",20,"11",207
"435",20,"12",531
"436",20,"13",1359
"437",20,"14",1087
"438",20,"15",1469
"439",20,"16",1500
"440",20,"17",15261
"441",20,"18",1566
"442",20,"19",3495
"443",20,"20",2929
"444",20,"21",1640
"445",20,"22",1039
"446",20,"23",705
"447",20,"24",123
"448",20,"25",302
"449",20,"26",781
"450",20,"27",243
"451",20,"28",188
"452",20,"29",603
"453",20,"30",100
"454",20,"44",58
"455",20,"45",347
"456",20,"46",243
"457",20,"47",584
"458",20,"48",209
"459",20,"49",243
"460",20,"50",278
"461",20,"51",74
"462",20,"52",584
"463",20,"53",582
"464",20,"54",471
"465",20,"55",117
"466",20,"56",206
"467",20,"57",209
"468",20,"58",69
"469",20,NA,3
"470",21,"4",3
"471",21,"5",16
"472",21,"6",122
"473",21,"7",3
"474",21,"8",5
"475",21,"9",12
"476",21,"10",26
"477",21,"11",192
"478",21,"12",544
"479",21,"13",1304
"480",21,"14",1051
"481",21,"15",1460
"482",21,"16",1416
"483",21,"17",16343
"484",21,"18",1541
"485",21,"19",3523
"486",21,"20",3094
"487",21,"21",1478
"488",21,"22",995
"489",21,"23",683
"490",21,"24",169
"491",21,"25",282
"492",21,"26",709
"493",21,"27",273
"494",21,"28",188
"495",21,"29",634
"496",21,"30",166
"497",21,"44",49
"498",21,"45",315
"499",21,"46",190
"500",21,"47",558
"501",21,"48",195
"502",21,"49",241
"503",21,"50",226
"504",21,"51",63
"505",21,"52",558
"506",21,"53",558
"507",21,"54",505
"508",21,"55",93
"509",21,"56",215
"510",21,"57",194
"511",21,"58",49
"512",21,NA,1
"513",22,"4",3
"514",22,"5",24
"515",22,"6",117
"516",22,"7",2
"517",22,"8",21
"518",22,"9",7
"519",22,"10",3
"520",22,"11",220
"521",22,"12",558
"522",22,"13",1334
"523",22,"14",1105
"524",22,"15",1320
"525",22,"16",1335
"526",22,"17",15035
"527",22,"18",1437
"528",22,"19",3373
"529",22,"20",2928
"530",22,"21",1538
"531",22,"22",988
"532",22,"23",735
"533",22,"24",139
"534",22,"25",265
"535",22,"26",685
"536",22,"27",259
"537",22,"28",213
"538",22,"29",620
"539",22,"30",152
"540",22,"44",51
"541",22,"45",360
"542",22,"46",154
"543",22,"47",601
"544",22,"48",192
"545",22,"49",300
"546",22,"50",260
"547",22,"51",76
"548",22,"52",553
"549",22,"53",542
"550",22,"54",496
"551",22,"55",107
"552",22,"56",195
"553",22,"57",166
"554",22,"58",53
"555",22,NA,1
"556",23,"4",1
"557",23,"5",26
"558",23,"6",114
"559",23,"7",4
"560",23,"8",8
"561",23,"9",8
"562",23,"10",5
"563",23,"11",198
"564",23,"12",470
"565",23,"13",1168
"566",23,"14",1025
"567",23,"15",1365
"568",23,"16",1181
"569",23,"17",12525
"570",23,"18",1389
"571",23,"19",3098
"572",23,"20",2657
"573",23,"21",1395
"574",23,"22",923
"575",23,"23",628
"576",23,"24",122
"577",23,"25",290
"578",23,"26",661
"579",23,"27",202
"580",23,"28",191
"581",23,"29",619
"582",23,"30",150
"583",23,"44",26
"584",23,"45",332
"585",23,"46",167
"586",23,"47",476
"587",23,"48",168
"588",23,"49",252
"589",23,"50",239
"590",23,"51",63
"591",23,"52",496
"592",23,"53",491
"593",23,"54",460
"594",23,"55",107
"595",23,"56",177
"596",23,"57",172
"597",23,"58",77
"598",24,"5",24
"599",24,"6",101
"600",24,"7",5
"601",24,"8",6
"602",24,"9",6
"603",24,"10",5
"604",24,"11",282
"605",24,"12",509
"606",24,"13",1241
"607",24,"14",1028
"608",24,"15",1418
"609",24,"16",1243
"610",24,"17",12041
"611",24,"18",1424
"612",24,"19",2870
"613",24,"20",2746
"614",24,"21",1395
"615",24,"22",940
"616",24,"23",699
"617",24,"24",153
"618",24,"25",360
"619",24,"26",768
"620",24,"27",249
"621",24,"28",269
"622",24,"29",595
"623",24,"30",109
"624",24,"44",41
"625",24,"45",336
"626",24,"46",149
"627",24,"47",506
"628",24,"48",179
"629",24,"49",248
"630",24,"50",296
"631",24,"51",67
"632",24,"52",480
"633",24,"53",540
"634",24,"54",470
"635",24,"55",81
"636",24,"56",214
"637",24,"57",190
"638",24,"58",67
"639",25,"4",1
"640",25,"5",25
"641",25,"6",150
"642",25,"7",2
"643",25,"8",9
"644",25,"10",8
"645",25,"11",228
"646",25,"12",503
"647",25,"13",1293
"648",25,"14",910
"649",25,"15",1259
"650",25,"16",1179
"651",25,"17",11761
"652",25,"18",1530
"653",25,"19",2920
"654",25,"20",2545
"655",25,"21",1308
"656",25,"22",858
"657",25,"23",611
"658",25,"24",94
"659",25,"25",253
"660",25,"26",726
"661",25,"27",251
"662",25,"28",177
"663",25,"29",541
"664",25,"30",97
"665",25,"44",39
"666",25,"45",330
"667",25,"46",160
"668",25,"47",518
"669",25,"48",189
"670",25,"49",305
"671",25,"50",300
"672",25,"51",60
"673",25,"52",440
"674",25,"53",556
"675",25,"54",365
"676",25,"55",91
"677",25,"56",190
"678",25,"57",195
"679",25,"58",40
"680",25,NA,2
"681",26,"4",1
"682",26,"5",26
"683",26,"6",78
"684",26,"7",5
"685",26,"8",5
"686",26,"9",6
"687",26,"10",5
"688",26,"11",229
"689",26,"12",482
"690",26,"13",1180
"691",26,"14",947
"692",26,"15",1090
"693",26,"16",1172
"694",26,"17",10920
"695",26,"18",1399
"696",26,"19",2789
"697",26,"20",2524
"698",26,"21",1340
"699",26,"22",974
"700",26,"23",579
"701",26,"24",103
"702",26,"25",224
"703",26,"26",604
"704",26,"27",280
"705",26,"28",183
"706",26,"29",518
"707",26,"30",110
"708",26,"44",54
"709",26,"45",320
"710",26,"46",188
"711",26,"47",497
"712",26,"48",164
"713",26,"49",245
"714",26,"50",268
"715",26,"51",55
"716",26,"52",427
"717",26,"53",475
"718",26,"54",391
"719",26,"55",107
"720",26,"56",161
"721",26,"57",150
"722",26,"58",56
"723",27,"5",14
"724",27,"6",92
"725",27,"7",2
"726",27,"8",9
"727",27,"9",10
"728",27,"10",6
"729",27,"11",265
"730",27,"12",527
"731",27,"13",1320
"732",27,"14",1016
"733",27,"15",1452
"734",27,"16",1310
"735",27,"17",13131
"736",27,"18",1528
"737",27,"19",3190
"738",27,"20",2835
"739",27,"21",1600
"740",27,"22",1093
"741",27,"23",675
"742",27,"24",112
"743",27,"25",319
"744",27,"26",813
"745",27,"27",266
"746",27,"28",210
"747",27,"29",581
"748",27,"30",124
"749",27,"44",51
"750",27,"45",402
"751",27,"46",201
"752",27,"47",538
"753",27,"48",154
"754",27,"49",310
"755",27,"50",443
"756",27,"51",58
"757",27,"52",509
"758",27,"53",576
"759",27,"54",403
"760",27,"55",103
"761",27,"56",170
"762",27,"57",200
"763",27,"58",80
"764",28,"5",19
"765",28,"6",104
"766",28,"7",1
"767",28,"8",12
"768",28,"9",7
"769",28,"10",11
"770",28,"11",193
"771",28,"12",567
"772",28,"13",1270
"773",28,"14",1046
"774",28,"15",1537
"775",28,"16",1414
"776",28,"17",12040
"777",28,"18",1537
"778",28,"19",3184
"779",28,"20",2804
"780",28,"21",1708
"781",28,"22",1082
"782",28,"23",698
"783",28,"24",117
"784",28,"25",295
"785",28,"26",728
"786",28,"27",205
"787",28,"28",205
"788",28,"29",568
"789",28,"30",119
"790",28,"44",37
"791",28,"45",387
"792",28,"46",170
"793",28,"47",622
"794",28,"48",207
"795",28,"49",262
"796",28,"50",335
"797",28,"51",59
"798",28,"52",521
"799",28,"53",512
"800",28,"54",456
"801",28,"55",122
"802",28,"56",166
"803",28,"57",164
"804",28,"58",68
"805",29,"4",2
"806",29,"5",31
"807",29,"6",102
"808",29,"7",1
"809",29,"8",8
"810",29,"9",8
"811",29,"10",4
"812",29,"11",244
"813",29,"12",602
"814",29,"13",1336
"815",29,"14",1139
"816",29,"15",1561
"817",29,"16",1608
"818",29,"17",13011
"819",29,"18",1579
"820",29,"19",3372
"821",29,"20",2983
"822",29,"21",1926
"823",29,"22",1247
"824",29,"23",733
"825",29,"24",148
"826",29,"25",317
"827",29,"26",764
"828",29,"27",219
"829",29,"28",179
"830",29,"29",580
"831",29,"30",106
"832",29,"44",66
"833",29,"45",383
"834",29,"46",222
"835",29,"47",579
"836",29,"48",186
"837",29,"49",298
"838",29,"50",321
"839",29,"51",48
"840",29,"52",501
"841",29,"53",535
"842",29,"54",466
"843",29,"55",108
"844",29,"56",196
"845",29,"57",157
"846",29,"58",64
"847",30,"5",25
"848",30,"6",116
"849",30,"7",1
"850",30,"8",16
"851",30,"9",5
"852",30,"10",10
"853",30,"11",216
"854",30,"12",507
"855",30,"13",1342
"856",30,"14",1211
"857",30,"15",1481
"858",30,"16",1615
"859",30,"17",13376
"860",30,"18",1667
"861",30,"19",3361
"862",30,"20",2935
"863",30,"21",1950
"864",30,"22",1231
"865",30,"23",770
"866",30,"24",114
"867",30,"25",348
"868",30,"26",829
"869",30,"27",256
"870",30,"28",178
"871",30,"29",572
"872",30,"30",139
"873",30,"44",49
"874",30,"45",358
"875",30,"46",234
"876",30,"47",593
"877",30,"48",222
"878",30,"49",305
"879",30,"50",331
"880",30,"51",71
"881",30,"52",538
"882",30,"53",527
"883",30,"54",468
"884",30,"55",130
"885",30,"56",210
"886",30,"57",162
"887",30,"58",67
"888",30,"60",1
"889",30,NA,2
"890",31,"5",34
"891",31,"6",102
"892",31,"8",9
"893",31,"9",8
"894",31,"10",5
"895",31,"11",216
"896",31,"12",519
"897",31,"13",1350
"898",31,"14",1137
"899",31,"15",1531
"900",31,"16",1445
"901",31,"17",14532
"902",31,"18",1628
"903",31,"19",3459
"904",31,"20",2849
"905",31,"21",1866
"906",31,"22",1042
"907",31,"23",721
"908",31,"24",88
"909",31,"25",288
"910",31,"26",777
"911",31,"27",241
"912",31,"28",168
"913",31,"29",512
"914",31,"30",141
"915",31,"43",1
"916",31,"44",53
"917",31,"45",344
"918",31,"46",163
"919",31,"47",505
"920",31,"48",228
"921",31,"49",283
"922",31,"50",283
"923",31,"51",71
"924",31,"52",518
"925",31,"53",515
"926",31,"54",512
"927",31,"55",150
"928",31,"56",181
"929",31,"57",192
"930",31,"58",82
"931",31,NA,2
"932",32,"5",21
"933",32,"6",87
"934",32,"7",6
"935",32,"8",8
"936",32,"9",5
"937",32,"10",10
"938",32,"11",187
"939",32,"12",535
"940",32,"13",1434
"941",32,"14",1188
"942",32,"15",1479
"943",32,"16",1541
"944",32,"17",15458
"945",32,"18",1675
"946",32,"19",3848
"947",32,"20",3005
"948",32,"21",1850
"949",32,"22",1210
"950",32,"23",690
"951",32,"24",88
"952",32,"25",331
"953",32,"26",754
"954",32,"27",191
"955",32,"28",196
"956",32,"29",542
"957",32,"30",130
"958",32,"43",1
"959",32,"44",56
"960",32,"45",378
"961",32,"46",185
"962",32,"47",594
"963",32,"48",224
"964",32,"49",270
"965",32,"50",287
"966",32,"51",62
"967",32,"52",524
"968",32,"53",510
"969",32,"54",448
"970",32,"55",113
"971",32,"56",164
"972",32,"57",156
"973",32,"58",48
"974",32,NA,1
"975",33,"1",1
"976",33,"4",3
"977",33,"5",20
"978",33,"6",78
"979",33,"7",2
"980",33,"8",17
"981",33,"9",8
"982",33,"10",6
"983",33,"11",207
"984",33,"12",501
"985",33,"13",1293
"986",33,"14",1143
"987",33,"15",1352
"988",33,"16",1375
"989",33,"17",14254
"990",33,"18",1541
"991",33,"19",3601
"992",33,"20",3122
"993",33,"21",1766
"994",33,"22",1181
"995",33,"23",681
"996",33,"24",155
"997",33,"25",248
"998",33,"26",766
"999",33,"27",260
"1000",33,"28",237
"1001",33,"29",553
"1002",33,"30",101
"1003",33,"43",2
"1004",33,"44",45
"1005",33,"45",410
"1006",33,"46",220
"1007",33,"47",605
"1008",33,"48",199
"1009",33,"49",247
"1010",33,"50",256
"1011",33,"51",53
"1012",33,"52",498
"1013",33,"53",501
"1014",33,"54",480
"1015",33,"55",105
"1016",33,"56",161
"1017",33,"57",179
"1018",33,"58",63
"1019",33,NA,2
"1020",34,"2",1
"1021",34,"4",1
"1022",34,"5",17
"1023",34,"6",79
"1024",34,"7",8
"1025",34,"8",10
"1026",34,"9",7
"1027",34,"10",6
"1028",34,"11",265
"1029",34,"12",528
"1030",34,"13",1383
"1031",34,"14",1095
"1032",34,"15",1413
"1033",34,"16",1425
"1034",34,"17",12699
"1035",34,"18",1663
"1036",34,"19",3833
"1037",34,"20",3061
"1038",34,"21",1592
"1039",34,"22",1207
"1040",34,"23",720
"1041",34,"24",144
"1042",34,"25",290
"1043",34,"26",759
"1044",34,"27",242
"1045",34,"28",251
"1046",34,"29",596
"1047",34,"30",109
"1048",34,"44",46
"1049",34,"45",378
"1050",34,"46",215
"1051",34,"47",678
"1052",34,"48",187
"1053",34,"49",283
"1054",34,"50",325
"1055",34,"51",51
"1056",34,"52",409
"1057",34,"53",507
"1058",34,"54",488
"1059",34,"55",107
"1060",34,"56",194
"1061",34,"57",195
"1062",34,"58",73
"1063",34,NA,1
"1064",35,"5",16
"1065",35,"6",83
"1066",35,"7",13
"1067",35,"8",4
"1068",35,"9",7
"1069",35,"10",4
"1070",35,"11",241
"1071",35,"12",478
"1072",35,"13",1269
"1073",35,"14",973
"1074",35,"15",1243
"1075",35,"16",1238
"1076",35,"17",11079
"1077",35,"18",1549
"1078",35,"19",3375
"1079",35,"20",2740
"1080",35,"21",1296
"1081",35,"22",912
"1082",35,"23",711
"1083",35,"24",130
"1084",35,"25",279
"1085",35,"26",682
"1086",35,"27",222
"1087",35,"28",232
"1088",35,"29",521
"1089",35,"30",126
"1090",35,"44",54
"1091",35,"45",369
"1092",35,"46",168
"1093",35,"47",582
"1094",35,"48",141
"1095",35,"49",271
"1096",35,"50",254
"1097",35,"51",61
"1098",35,"52",465
"1099",35,"53",500
"1100",35,"54",445
"1101",35,"55",94
"1102",35,"56",160
"1103",35,"57",168
"1104",35,"58",90
"1105",35,"60",1
"1106",36,"1",1
"1107",36,"5",21
"1108",36,"6",79
"1109",36,"7",2
"1110",36,"8",21
"1111",36,"9",11
"1112",36,"10",4
"1113",36,"11",306
"1114",36,"12",493
"1115",36,"13",1336
"1116",36,"14",929
"1117",36,"15",1247
"1118",36,"16",1231
"1119",36,"17",11011
"1120",36,"18",1517
"1121",36,"19",3253
"1122",36,"20",2854
"1123",36,"21",1397
"1124",36,"22",982
"1125",36,"23",724
"1126",36,"24",129
"1127",36,"25",306
"1128",36,"26",711
"1129",36,"27",236
"1130",36,"28",217
"1131",36,"29",497
"1132",36,"30",113
"1133",36,"44",44
"1134",36,"45",389
"1135",36,"46",208
"1136",36,"47",572
"1137",36,"48",174
"1138",36,"49",242
"1139",36,"50",229
"1140",36,"51",42
"1141",36,"52",420
"1142",36,"53",477
"1143",36,"54",427
"1144",36,"55",84
"1145",36,"56",213
"1146",36,"57",190
"1147",36,"58",80
"1148",36,NA,3
"1149",37,"5",25
"1150",37,"6",113
"1151",37,"7",3
"1152",37,"8",15
"1153",37,"9",10
"1154",37,"10",1
"1155",37,"11",273
"1156",37,"12",585
"1157",37,"13",1598
"1158",37,"14",1266
"1159",37,"15",1588
"1160",37,"16",1488
"1161",37,"17",8929
"1162",37,"18",2146
"1163",37,"19",4229
"1164",37,"20",3565
"1165",37,"21",1835
"1166",37,"22",1057
"1167",37,"23",788
"1168",37,"24",175
"1169",37,"25",332
"1170",37,"26",800
"1171",37,"27",226
"1172",37,"28",308
"1173",37,"29",560
"1174",37,"30",107
"1175",37,"35",1
"1176",37,"43",3
"1177",37,"44",64
"1178",37,"45",389
"1179",37,"46",256
"1180",37,"47",593
"1181",37,"48",195
"1182",37,"49",291
"1183",37,"50",317
"1184",37,"51",82
"1185",37,"52",556
"1186",37,"53",634
"1187",37,"54",527
"1188",37,"55",101
"1189",37,"56",175
"1190",37,"57",192
"1191",37,"58",59
"1192",37,"59",9
"1193",37,"60",1
"1194",37,"85",1
"1195",37,"97",2
"1196",37,"106",1
"1197",37,"114",1
"1198",37,"120",1
"1199",37,NA,20
"1200",38,"3",1
"1201",38,"4",4
"1202",38,"5",31
"1203",38,"6",132
"1204",38,"7",16
"1205",38,"8",8
"1206",38,"9",15
"1207",38,"10",11
"1208",38,"11",293
"1209",38,"12",775
"1210",38,"13",1923
"1211",38,"14",1965
"1212",38,"15",2015
"1213",38,"16",1967
"1214",38,"17",1630
"1215",38,"18",2838
"1216",38,"19",5677
"1217",38,"20",5525
"1218",38,"21",2583
"1219",38,"22",1542
"1220",38,"23",1090
"1221",38,"24",262
"1222",38,"25",435
"1223",38,"26",1034
"1224",38,"27",380
"1225",38,"28",410
"1226",38,"29",789
"1227",38,"30",183
"1228",38,"31",1
"1229",38,"36",1
"1230",38,"41",1
"1231",38,"43",9
"1232",38,"44",90
"1233",38,"45",612
"1234",38,"46",338
"1235",38,"47",774
"1236",38,"48",276
"1237",38,"49",357
"1238",38,"50",374
"1239",38,"51",149
"1240",38,"52",880
"1241",38,"53",930
"1242",38,"54",671
"1243",38,"55",128
"1244",38,"56",296
"1245",38,"57",190
"1246",38,"58",86
"1247",38,"59",41
"1248",38,"60",8
"1249",38,"63",1
"1250",38,"76",2
"1251",38,"78",1
"1252",38,"79",1
"1253",38,"85",4
"1254",38,"88",2
"1255",38,"106",2
"1256",38,"122",1
"1257",38,"144",3
"1258",38,"148",1
"1259",38,NA,71
"1260",39,"1",1
"1261",39,"4",3
"1262",39,"5",41
"1263",39,"6",127
"1264",39,"7",13
"1265",39,"8",11
"1266",39,"9",9
"1267",39,"10",10
"1268",39,"11",340
"1269",39,"12",820
"1270",39,"13",1962
"1271",39,"14",2029
"1272",39,"15",2298
"1273",39,"16",2202
"1274",39,"17",1737
"1275",39,"18",3273
"1276",39,"19",6321
"1277",39,"20",6275
"1278",39,"21",3102
"1279",39,"22",1652
"1280",39,"23",1159
"1281",39,"24",303
"1282",39,"25",492
"1283",39,"26",1041
"1284",39,"27",393
"1285",39,"28",444
"1286",39,"29",868
"1287",39,"30",174
"1288",39,"36",1
"1289",39,"41",1
"1290",39,"42",2
"1291",39,"43",14
"1292",39,"44",108
"1293",39,"45",655
"1294",39,"46",350
"1295",39,"47",1029
"1296",39,"48",307
"1297",39,"49",472
"1298",39,"50",528
"1299",39,"51",145
"1300",39,"52",945
"1301",39,"53",1123
"1302",39,"54",814
"1303",39,"55",159
"1304",39,"56",317
"1305",39,"57",276
"1306",39,"58",95
"1307",39,"59",13
"1308",39,"60",8
"1309",39,"76",4
"1310",39,"77",1
"1311",39,"79",3
"1312",39,"80",1
"1313",39,"81",1
"1314",39,"82",2
"1315",39,"85",1
"1316",39,"88",1
"1317",39,"99",1
"1318",39,"117",1
"1319",39,"125",1
"1320",39,NA,92
"1321",40,"1",1
"1322",40,"3",1
"1323",40,"4",5
"1324",40,"5",42
"1325",40,"6",164
"1326",40,"7",18
"1327",40,"8",17
"1328",40,"9",10
"1329",40,"10",14
"1330",40,"11",314
"1331",40,"12",822
"1332",40,"13",1957
"1333",40,"14",1833
"1334",40,"15",2291
"1335",40,"16",2322
"1336",40,"17",1890
"1337",40,"18",3326
"1338",40,"19",6277
"1339",40,"20",6709
"1340",40,"21",3469
"1341",40,"22",1707
"1342",40,"23",1184
"1343",40,"24",251
"1344",40,"25",521
"1345",40,"26",1090
"1346",40,"27",412
"1347",40,"28",469
"1348",40,"29",840
"1349",40,"30",146
"1350",40,"31",1
"1351",40,"38",1
"1352",40,"39",1
"1353",40,"42",1
"1354",40,"43",14
"1355",40,"44",123
"1356",40,"45",834
"1357",40,"46",457
"1358",40,"47",933
"1359",40,"48",444
"1360",40,"49",563
"1361",40,"50",543
"1362",40,"51",175
"1363",40,"52",1065
"1364",40,"53",1054
"1365",40,"54",848
"1366",40,"55",157
"1367",40,"56",309
"1368",40,"57",243
"1369",40,"58",102
"1370",40,"59",10
"1371",40,"60",5
"1372",40,"75",2
"1373",40,"77",1
"1374",40,"79",1
"1375",40,"82",1
"1376",40,"83",1
"1377",40,"112",1
"1378",40,"120",1
"1379",40,"122",1
"1380",40,NA,87
"1381",41,"4",1
"1382",41,"5",40
"1383",41,"6",135
"1384",41,"7",5
"1385",41,"8",34
"1386",41,"9",16
"1387",41,"10",8
"1388",41,"11",340
"1389",41,"12",841
"1390",41,"13",1989
"1391",41,"14",1747
"1392",41,"15",2468
"1393",41,"16",2558
"1394",41,"17",2126
"1395",41,"18",3401
"1396",41,"19",6334
"1397",41,"20",6748
"1398",41,"21",3535
"1399",41,"22",1745
"1400",41,"23",1312
"1401",41,"24",361
"1402",41,"25",583
"1403",41,"26",1211
"1404",41,"27",472
"1405",41,"28",493
"1406",41,"29",942
"1407",41,"30",186
"1408",41,"31",1
"1409",41,"37",1
"1410",41,"38",1
"1411",41,"40",2
"1412",41,"41",1
"1413",41,"42",2
"1414",41,"43",14
"1415",41,"44",100
"1416",41,"45",879
"1417",41,"46",462
"1418",41,"47",962
"1419",41,"48",452
"1420",41,"49",614
"1421",41,"50",614
"1422",41,"51",200
"1423",41,"52",1175
"1424",41,"53",1096
"1425",41,"54",829
"1426",41,"55",137
"1427",41,"56",261
"1428",41,"57",246
"1429",41,"58",104
"1430",41,"59",11
"1431",41,"60",4
"1432",41,"63",1
"1433",41,"67",2
"1434",41,"75",2
"1435",41,"76",1
"1436",41,"77",2
"1437",41,"79",3
"1438",41,"81",1
"1439",41,"85",3
"1440",41,"102",1
"1441",41,"106",2
"1442",41,"114",1
"1443",41,"120",2
"1444",41,"122",1
"1445",41,NA,125
"1446",42,"1",1
"1447",42,"4",5
"1448",42,"5",55
"1449",42,"6",180
"1450",42,"7",11
"1451",42,"8",11
"1452",42,"9",12
"1453",42,"10",13
"1454",42,"11",324
"1455",42,"12",880
"1456",42,"13",1779
"1457",42,"14",1754
"1458",42,"15",2446
"1459",42,"16",2285
"1460",42,"17",1941
"1461",42,"18",3332
"1462",42,"19",6454
"1463",42,"20",6228
"1464",42,"21",3190
"1465",42,"22",1707
"1466",42,"23",1313
"1467",42,"24",326
"1468",42,"25",570
"1469",42,"26",1224
"1470",42,"27",439
"1471",42,"28",424
"1472",42,"29",997
"1473",42,"30",187
"1474",42,"31",1
"1475",42,"38",3
"1476",42,"39",1
"1477",42,"40",1
"1478",42,"41",1
"1479",42,"42",2
"1480",42,"43",9
"1481",42,"44",94
"1482",42,"45",729
"1483",42,"46",405
"1484",42,"47",758
"1485",42,"48",347
"1486",42,"49",593
"1487",42,"50",555
"1488",42,"51",182
"1489",42,"52",1116
"1490",42,"53",1020
"1491",42,"54",843
"1492",42,"55",152
"1493",42,"56",345
"1494",42,"57",268
"1495",42,"58",87
"1496",42,"59",3
"1497",42,"60",5
"1498",42,"75",5
"1499",42,"76",5
"1500",42,"77",4
"1501",42,"79",3
"1502",42,"80",1
"1503",42,"81",2
"1504",42,"82",1
"1505",42,"83",2
"1506",42,"106",2
"1507",42,"107",1
"1508",42,"110",1
"1509",42,NA,123
"1510",43,"1",1
"1511",43,"4",5
"1512",43,"5",51
"1513",43,"6",135
"1514",43,"7",19
"1515",43,"8",31
"1516",43,"9",17
"1517",43,"10",17
"1518",43,"11",424
"1519",43,"12",850
"1520",43,"13",1877
"1521",43,"14",1859
"1522",43,"15",2508
"1523",43,"16",2381
"1524",43,"17",1847
"1525",43,"18",3381
"1526",43,"19",6484
"1527",43,"20",6497
"1528",43,"21",3308
"1529",43,"22",1799
"1530",43,"23",1238
"1531",43,"24",277
"1532",43,"25",522
"1533",43,"26",1106
"1534",43,"27",419
"1535",43,"28",368
"1536",43,"29",1007
"1537",43,"30",212
"1538",43,"37",1
"1539",43,"38",2
"1540",43,"39",1
"1541",43,"41",1
"1542",43,"43",9
"1543",43,"44",115
"1544",43,"45",617
"1545",43,"46",351
"1546",43,"47",827
"1547",43,"48",350
"1548",43,"49",581
"1549",43,"50",484
"1550",43,"51",201
"1551",43,"52",1113
"1552",43,"53",1132
"1553",43,"54",895
"1554",43,"55",151
"1555",43,"56",338
"1556",43,"57",295
"1557",43,"58",111
"1558",43,"59",7
"1559",43,"60",4
"1560",43,"74",1
"1561",43,"75",1
"1562",43,"80",1
"1563",43,"82",2
"1564",43,"90",1
"1565",43,"105",1
"1566",43,NA,103
"1567",44,"1",1
"1568",44,"3",1
"1569",44,"4",5
"1570",44,"5",31
"1571",44,"6",148
"1572",44,"7",19
"1573",44,"8",12
"1574",44,"9",14
"1575",44,"10",12
"1576",44,"11",521
"1577",44,"12",869
"1578",44,"13",2010
"1579",44,"14",1955
"1580",44,"15",2490
"1581",44,"16",2547
"1582",44,"17",1768
"1583",44,"18",3403
"1584",44,"19",7345
"1585",44,"20",6532
"1586",44,"21",3541
"1587",44,"22",1978
"1588",44,"23",1332
"1589",44,"24",294
"1590",44,"25",612
"1591",44,"26",1234
"1592",44,"27",466
"1593",44,"28",430
"1594",44,"29",978
"1595",44,"30",178
"1596",44,"38",3
"1597",44,"42",3
"1598",44,"43",10
"1599",44,"44",128
"1600",44,"45",554
"1601",44,"46",349
"1602",44,"47",852
"1603",44,"48",384
"1604",44,"49",474
"1605",44,"50",442
"1606",44,"51",162
"1607",44,"52",1263
"1608",44,"53",1251
"1609",44,"54",894
"1610",44,"55",157
"1611",44,"56",370
"1612",44,"57",240
"1613",44,"58",107
"1614",44,"59",4
"1615",44,"60",5
"1616",44,"79",2
"1617",44,"88",1
"1618",44,NA,67
"1619",45,"2",1
"1620",45,"4",6
"1621",45,"5",44
"1622",45,"6",125
"1623",45,"7",15
"1624",45,"8",22
"1625",45,"9",8
"1626",45,"10",8
"1627",45,"11",442
"1628",45,"12",888
"1629",45,"13",1871
"1630",45,"14",1918
"1631",45,"15",2424
"1632",45,"16",2366
"1633",45,"17",1655
"1634",45,"18",3339
"1635",45,"19",7192
"1636",45,"20",6314
"1637",45,"21",3363
"1638",45,"22",1676
"1639",45,"23",1480
"1640",45,"24",298
"1641",45,"25",509
"1642",45,"26",1166
"1643",45,"27",445
"1644",45,"28",410
"1645",45,"29",898
"1646",45,"30",214
"1647",45,"32",1
"1648",45,"38",1
"1649",45,"39",1
"1650",45,"41",1
"1651",45,"42",1
"1652",45,"43",12
"1653",45,"44",111
"1654",45,"45",609
"1655",45,"46",325
"1656",45,"47",751
"1657",45,"48",315
"1658",45,"49",500
"1659",45,"50",417
"1660",45,"51",148
"1661",45,"52",1039
"1662",45,"53",1182
"1663",45,"54",808
"1664",45,"55",149
"1665",45,"56",346
"1666",45,"57",249
"1667",45,"58",123
"1668",45,"59",2
"1669",45,"60",5
"1670",45,"68",1
"1671",45,"76",1
"1672",45,"79",1
"1673",45,"82",1
"1674",45,NA,63
"1675",46,"4",3
"1676",46,"5",27
"1677",46,"6",67
"1678",46,"7",9
"1679",46,"8",6
"1680",46,"9",7
"1681",46,"10",4
"1682",46,"11",235
"1683",46,"12",462
"1684",46,"13",1023
"1685",46,"14",1020
"1686",46,"15",1141
"1687",46,"16",1209
"1688",46,"17",873
"1689",46,"18",1717
"1690",46,"19",3892
"1691",46,"20",3382
"1692",46,"21",1665
"1693",46,"22",950
"1694",46,"23",662
"1695",46,"24",188
"1696",46,"25",285
"1697",46,"26",532
"1698",46,"27",237
"1699",46,"28",226
"1700",46,"29",436
"1701",46,"30",99
"1702",46,"35",1
"1703",46,"37",4
"1704",46,"39",2
"1705",46,"43",9
"1706",46,"44",30
"1707",46,"45",250
"1708",46,"46",195
"1709",46,"47",447
"1710",46,"48",164
"1711",46,"49",243
"1712",46,"50",255
"1713",46,"51",88
"1714",46,"52",535
"1715",46,"53",675
"1716",46,"54",421
"1717",46,"55",65
"1718",46,"56",187
"1719",46,"57",168
"1720",46,"58",69
"1721",46,"60",2
"1722",46,"75",1
"1723",46,"77",1
"1724",46,"80",2
"1725",46,"85",1
"1726",46,"86",1
"1727",46,NA,40
